Util,Network,Interpreter,i18n,Logic,Test,IO,Security,App
0.8260869565217391,0.9705882352941176,0.95,0.782608695652174,0.9041095890410958,0.9710144927536232,0.9230769230769231,1.0,0.8163265306122449
0.9661016949152542,0.7857142857142857,1.0,0.9230769230769231,1.0,0.9710144927536232,0.75,0.5,0.8695652173913043
0.890625,0.8684210526315789,0.9743589743589743,0.8470588235294118,0.949640287769784,0.9710144927536232,0.8275862068965517,0.6666666666666666,0.8421052631578948
59.0,42.0,19.0,39.0,66.0,69.0,32.0,4.0,46.0
