Accuracy,Acc-Score,zero_one_loss,AUC-PR,hamming loss average,Jaccard samples,Jaccard macro,Precision,Recall,Fmeasure
0.5,37,0.5,0.963344718524474,0.11411411411411411,0.8056788931788932,0.819047619047619,0.8865979381443299,0.9148936170212766,0.900523560209424
